Q,A,label
안녕,안녕하세요! 무엇을 도와드릴까요?,0
안녕,"안녕하세요, 반가워요! 무엇을 도와드릴까요?",0
안녕하세요,환영합니다!! 무엇을 도와드릴까요?,0
하이,안녕하세요:) 무엇을 도와드릴까요?,0
헬로,안녕하세요! 무엇을 도와드릴까요?,0
반가워,저도 반가워요! 무엇을 도와드릴까요?,0
뭐해?,고객님과 대화하고 있습니다.,0
안녕하십니까,안녕하세요! 무엇을 도와드릴까요?,0
안녕!,"안녕하세요, 무엇을 도와드릴까요?",0
안녕하세요,"안녕하세요, 무엇을 도와드릴까요?",0
안녕,안녕하십니까? 무엇이든 물어보세요!,0
안녕,반가워요! 무엇을 도와드릴까요?,0
안녕,"안녕하세요, 도움이 필요하신가요?",0
어떡하지,고민이 있으신가요? 말씀해보세요! 제가 도와드릴게요.,0
도와줘,무엇을 도와드릴까요?,0
도움이 필요해,고민이 있으신가요? 제가 도와드릴게요.,0
언제부터 언제까지 열어?,영업 시간은 오전 10시부터 밤 9시까지입니다.,1
가게 영업 시간이 어떻게 되나요?,영업 시간은 오전 10시부터 밤 9시까지입니다.,1
영업 시간이 어떻게 돼?,영업 시간은 10:00a.m ~ 09:00p.m입니다.,1
가게 언제 열어?,영업 시간은 오전 10시~밤 9시입니다.,1
매장 운영 시간은?,저희 매장은 오전 10시부터 밤 9시까지 운영합니다.,1
점포는 몇 시부터 몇 시까지 영업하나요?,영업 시간은 오전 10시부터 밤 9시까지입니다.,1
가게는 어떤 시간에 문을 열고 있나요?,저희 가게는 오전 10시부터 밤 9시까지 문을 열고 있습니다.,1
운영 시간이 어떻게 되나요?,영업 시간은 오전 10시부터 밤 9시까지입니다.,1
가게는 어떤 시간대에 운영되나요?,저희 가게는 오전 10시부터 밤 9시까지 운영됩니다.,1
몇 시부터 몇 시까지 가게 문을 열어요?,영업 시간은 오전 10시부터 밤 9시까지입니다.,1
점포 운영 시간이 어떻게 되나요?,운영 시간은 오전 10시부터 밤 9시까지입니다.,1
근무 시간은 어떻게 되나요?,영업 시간은 오전 10시부터 밤 9시까지입니다.,1
근무 시간이 어떻게 되나요?,영업 시간은 오전 10시부터 밤 9시까지입니다.,1
업무 시간은 어떻게 되나요?,영업 시간은 오전 10시부터 밤 9시까지입니다.,1
운영 시간은 어떻게 되나요?,영업 시간은 오전 10시부터 밤 9시까지입니다.,1
언제 영업하나요?,영업 시간은 오전 10시부터 밤 9시까지입니다.,1
언제부터 영업하나요?,영업 시간은 10:00a.m ~ 09:00p.m입니다.,1
언제부터 운영되나요?,영업 시간은 10:00a.m ~ 09:00p.m입니다.,1
언제부터 운영하나요?,영업 시간은 10:00a.m ~ 09:00p.m입니다.,1
언재 문을 여나요?,영업 시간은 10:00a.m ~ 09:00p.m입니다.,1
언제 개장하나요?,영업 시간은 10:00a.m ~ 09:00p.m입니다.,1
언제 오픈하나요?,영업 시간은 오전 10시~밤 9시입니다.,1
언제 끝나요?,영업 시간은 오전 10시~밤 9시입니다.,1
언제 닫나요?,영업 시간은 오전 10시~밤 9시입니다.,1
언제 끝나나요?,영업 시간은 오전 10시~밤 9시입니다.,1
언제 끝날까요?,영업 시간은 오전 10시~밤 9시입니다.,1
언제 마감할 예정인가요?,저희 매장은 오전 10시부터 밤 9시까지 운영합니다.,1
언제 닫을 예정인가요?,저희 매장은 오전 10시부터 밤 9시까지 운영합니다.,1
언제 종료할 예정인가요?,저희 매장은 오전 10시부터 밤 9시까지 운영합니다.,1
언제 문을 닫나요?,저희 가게는 오전 10시부터 밤 9시까지 문을 열고 있습니다.,1
언제 종료되나요?,저희 가게는 오전 10시부터 밤 9시까지 문을 열고 있습니다.,1
언제 마감하나요?,저희 가게는 오전 10시부터 밤 9시까지 문을 열고 있습니다.,1
언제 문을 닫을 계획인가요?,저희 가게는 오전 10시부터 밤 9시까지 운영됩니다.,1
언제 마감할 계획인가요?,저희 가게는 오전 10시부터 밤 9시까지 운영됩니다.,1
운영 시간은 언제인가요?,저희 가게는 오전 10시부터 밤 9시까지 영업합니다.,1
영업 시간,저희 가게는 오전 10시부터 밤 9시까지 영업합니다.,1
시간,저희 가게는 오전 10시부터 밤 9시까지 영업합니다.,1
운영 시간,저희 가게는 오전 10시부터 밤 9시까지 영업합니다.,1
닫는 시간,저희 가게는 오전 10시부터 밤 9시까지 영업합니다.,1
언제 영업하는지 궁금합니다,영업 시간은 오전 10시~밤 9시입니다.,1
영업시간이 궁금합니다,영업 시간은 오전 10시~밤 9시입니다.,1
언제 오픈하는지 궁금해요,영업 시간은 오전 10시~밤 9시입니다.,1
언제 영업하는지 알고 싶어요,영업 시간은 10:00a.m ~ 09:00p.m입니다.,1
언제 닫는지 알고 싶습니다,영업 시간은 10:00a.m ~ 09:00p.m입니다.,1
언제 닫는지 궁금합니다,영업 시간은 10:00a.m ~ 09:00p.m입니다.,1
언제 닫으시는지 궁금합니다,저희 매장은 오전 10시부터 밤 9시까지 운영합니다.,1
언제 열어,저희 가게는 오전 10시부터 밤 9시까지 영업합니다.,1
언제 닫아,저희 가게는 오전 10시부터 밤 9시까지 영업합니다.,1
몇 시부터 영업하는지 궁금합니다,저희 가게는 오전 10시부터 밤 9시까지 영업합니다.,1
몇 시부터 오픈하는지 궁금해요,저희 매장은 오전 10시부터 밤 9시까지 운영합니다.,1
몇 시까지 하는지 궁금해,저희 매장은 오전 10시부터 밤 9시까지 운영합니다.,1
몇 시까지 영업하는 지 알고 싶어,영업 시간은 오전 10시부터 밤 9시까지입니다.,1
몇 시에 열어,영업 시간은 오전 10시부터 밤 9시까지입니다.,1
몇 시에 닫아,영업 시간은 오전 10시부터 밤 9시까지입니다.,1
오픈 언제해,영업 시간은 오전 10시부터 밤 9시까지입니다.,1
오픈 몇 시에 해,영업 시간은 오전 10시부터 밤 9시까지입니다.,1
언제 문을 닫는지 궁금합니다,영업 시간은 오전 10시부터 밤 9시까지입니다.,1
가게 위치가 어떻게 되나요?,주소는 '서울시 강남구 강남대로 160길 23 201호'입니다.,2
위치가 어디인가요?,주소는 '서울시 강남구 강남대로 160길 23 201호'입니다.,2
위치가 어디야,주소는 '서울시 강남구 강남대로 160길 23 201호'입니다.,2
가게가 어디야,주소는 '서울시 강남구 강남대로 160길 23 201호'입니다.,2
어디로 가면 돼?,서울시 강남구 강남대로 160길 23 201호'로 오시면 됩니다.,2
어디로 가야 돼?,서울시 강남구 강남대로 160길 23 201호'로 오시면 됩니다.,2
어디로 가야 해?,서울시 강남구 강남대로 160길 23 201호'로 오시면 됩니다.,2
어디에 위치해 있어?,주소는 '서울시 강남구 강남대로 160길 23 201호'입니다.,2
위치가 어떻게 돼?,주소는 '서울시 강남구 강남대로 160길 23 201호'입니다.,2
가게 위치가 어떻게 됩니까?,주소는 '서울시 강남구 강남대로 160길 23 201호'입니다.,2
가게가 어디에 위치해 있습니까?,주소는 '서울시 강남구 강남대로 160길 23 201호'입니다.,2
어디로 가면 됩니까?,서울시 강남구 강남대로 160길 23 201호'로 오시면 됩니다.,2
어디로 찾아가면 되나요?,서울시 강남구 강남대로 160길 23 201호'로 오시면 됩니다.,2
가게 위치가 어디야?,주소는 '서울시 강남구 강남대로 160길 23 201호'입니다.,2
어디에 있나요?,주소는 '서울시 강남구 강남대로 160길 23 201호'입니다.,2
어디에 있습니까?,주소는 '서울시 강남구 강남대로 160길 23 201호'입니다.,2
어디 있죠?,주소는 '서울시 강남구 강남대로 160길 23 201호'입니다.,2
어디에 위치해 있나요?,주소는 '서울시 강남구 강남대로 160길 23 201호'입니다.,2
위치는 어디인가요?,서울시 강남구 강남대로 160길 23 201호'로 오시면 됩니다.,2
어디 계신가요?,서울시 강남구 강남대로 160길 23 201호'로 오시면 됩니다.,2
어디로 가야 하나요?,서울시 강남구 강남대로 160길 23 201호'로 오시면 됩니다.,2
어디로 이동해야 하나요?,서울시 강남구 강남대로 160길 23 201호'로 오시면 됩니다.,2
어디로 가야 할까요?,서울시 강남구 강남대로 160길 23 201호'로 오시면 됩니다.,2
주소가 어떻게 되나요?,주소는 '서울시 강남구 강남대로 160길 23 201호'입니다.,2
주소가 무엇인가요?,주소는 '서울시 강남구 강남대로 160길 23 201호'입니다.,2
어디에 위치하나요?,주소는 '서울시 강남구 강남대로 160길 23 201호'입니다.,2
위치는 어디에 있나요?,주소는 '서울시 강남구 강남대로 160길 23 201호'입니다.,2
현재 위치가 어디인가요?,주소는 '서울시 강남구 강남대로 160길 23 201호'입니다.,2
현재 위치가 어떻게 되나요?,주소는 '서울시 강남구 강남대로 160길 23 201호'입니다.,2
위치,주소는 '서울시 강남구 강남대로 160길 23 201호'입니다.,2
주소,주소는 '서울시 강남구 강남대로 160길 23 201호'입니다.,2
어디로,서울시 강남구 강남대로 160길 23 201호'로 오시면 됩니다.,2
주소가 필요합니다,주소는 '서울시 강남구 강남대로 160길 23 201호'입니다.,2
주소를 알고 싶어요,주소는 '서울시 강남구 강남대로 160길 23 201호'입니다.,2
어디로 가야 하는지 알고 싶어,서울시 강남구 강남대로 160길 23 201호'로 오시면 됩니다.,2
어디로 가야 되는지 궁금해,서울시 강남구 강남대로 160길 23 201호'로 오시면 됩니다.,2
주소 뭐야,주소는 '서울시 강남구 강남대로 160길 23 201호'입니다.,2
위치가 궁금해,서울시 강남구 강남대로 160길 23 201호'로 오시면 됩니다.,2
위치 알려줘,서울시 강남구 강남대로 160길 23 201호'로 오시면 됩니다.,2
위치를 알려주세요,주소는 '서울시 강남구 강남대로 160길 23 201호'입니다.,2
주소를 알려주세요,서울시 강남구 강남대로 160길 23 201호'로 오시면 됩니다.,2
주소 알려주세요,주소는 '서울시 강남구 강남대로 160길 23 201호'입니다.,2
위치,서울시 강남구 강남대로 160길 23 201호'로 오시면 됩니다.,2
어디로 가,서울시 강남구 강남대로 160길 23 201호'로 오시면 됩니다.,2
가게 위치가 뭐야,주소는 '서울시 강남구 강남대로 160길 23 201호'입니다.,2
매장 주소가 뭐야,주소는 '서울시 강남구 강남대로 160길 23 201호'입니다.,2
가게 어딨어,주소는 '서울시 강남구 강남대로 160길 23 201호'입니다.,2
매장 어딨어,주소는 '서울시 강남구 강남대로 160길 23 201호'입니다.,2
어디 있는지 궁금해,서울시 강남구 강남대로 160길 23 201호'로 오시면 됩니다.,2
어디 있는지 알려주세요,서울시 강남구 강남대로 160길 23 201호'로 오시면 됩니다.,2
주소 알려줘,주소는 '서울시 강남구 강남대로 160길 23 201호'입니다.,2
가게 위치,주소는 '서울시 강남구 강남대로 160길 23 201호'입니다.,2
가게 주소,주소는 '서울시 강남구 강남대로 160길 23 201호'입니다.,2
매장 위치,서울시 강남구 강남대로 160길 23 201호'로 오시면 됩니다.,2
매장 주소가 뭐야,주소는 '서울시 강남구 강남대로 160길 23 201호'입니다.,2
통역사가 있어?,"네, 저희는 통역을 제공합니다! 걱정하지 마세요!",3
통역사가 있나요?,"네, 항상 통역사가 상주하고 있습니다. 걱정하지 마세요!",3
통역 서비스를 받을 수 있나요?,"네, 통역이 가능합니다.",3
통역 서비스가 제공되나요?,"네, 통역 서비스가 제공됩니다. 걱정하지 마세요.",3
통역이 제공되나요?,"네, 저희는 통역을 제공합니다! 걱정하지 마세요!",3
영어가 가능한가요?,물론입니다. 영어 통역사가 정보 전달을 도울 것입니다.,3
대화가 통할까요?,"걱정하지 마세요, 통역사가 원활한 대화를 도울 것입니다!",3
통역 돼?,"물론입니다, 저희는 통역 서비스를 제공합니다.",3
통역이 돼?,물론입니다. 통역사가 고객님을 도와드릴 거예요.,3
통역 서비스가 있어?,네! 통역이 제공됩니다. 걱정하지 마세요!,3
난 한국어를 못 해,걱정하지 마세요. 저희는 통역 서비스를 제공합니다.,3
한국어를 못 하는데,걱정하지 마세요. 항상 통역사가 상주하고 있습니다.,3
한국어를 못 합니다,괜찮습니다! 통역사가 도와드릴 거예요.,3
한국어가 불가능해,괜찮습니다. 저희는 통역 서비스를 제공해 드립니다.,3
한국어가 불가능합니다,괜찮습니다. 통역사가 원활한 소통이 가능하도록 도와드릴 것입니다!,3
통역 서비스를 제공받을 수 있나요?,물론입니다. 저희는 통역 서비스를 제공합니다.,3
통역이 가능합니까?,물론입니다. 저희는 통역 서비스를 제공합니다.,3
당신은 통역 서비스를 제공합니까?,물론입니다. 저희 가게는 통역사가 상주하고 있습니다.,3
통역이 필요합니다,"걱정하지 마세요, 통역이 필요하시면 언제든 통역사가 도와드릴 거예요! ",3
번역기가 있나요?,"물론입니다, 저희는 통역 서비스를 제공합니다.",3
통역이 있나요?,물론입니다. 저희는 통역 서비스를 제공합니다.,3
번역가가 있나요?,"네, 항상 통역사가 상주하고 있습니다. 걱정하지 마세요!",3
거기 통역사가 있나요?,물론입니다. 통역사가 고객님을 도와드릴 거예요.,3
통역사가 상주하나요?,"네, 항상 통역사가 상주하고 있습니다. 걱정하지 마세요!",3
통역사가 있습니까?,"네, 항상 통역사가 상주하고 있습니다. 걱정하지 마세요!",3
번역이 제공되나요?,물론입니다. 저희는 통역 서비스를 제공합니다.,3
번역 서비스가 제공되나요?,물론입니다. 저희는 통역 서비스를 제공합니다.,3
번역을 제공하나요?,물론입니다. 저희는 통역 서비스를 제공합니다.,3
번역도 제공하나요?,물론입니다. 저희는 통역 서비스를 제공합니다.,3
통역,저희는 통역 서비스를 제공해 드립니다.,3
번역,저희는 통역 서비스를 제공해 드립니다.,3
통역 제공,저희는 통역 서비스를 제공해 드립니다.,3
번역 제공,저희는 통역 서비스를 제공해 드립니다.,3
통역 제공 여부,저희는 통역 서비스를 제공해 드립니다.,3
한국어를 할 수 없습니다,걱정하지 마세요. 항상 통역사가 상주하고 있습니다.,3
한국어를 할 줄 모릅니다.,"걱정하지 마세요, 통역사가 원활한 대화를 도울 것입니다!",3
한국어를 할 수 없음,걱정하지 마세요. 저희는 통역 서비스를 제공합니다.,3
한국어를 구사할 수 없음,걱정하지 마세요. 항상 통역사가 상주하고 있습니다.,3
한국어를 할 수 없는 경우,"걱정하지 마세요, 통역사가 원활한 대화를 도울 것입니다!",3
한국어를 못해요,걱정하지 마세요. 저희는 통역 서비스를 제공합니다.,3
영어로 의사소통할 수 있나요?,통역 서비스를 제공하기 때문에 영어 사용이 가능합니다.,3
영어로 의사소통이 가능한가요?,네! 통역이 제공됩니다. 걱정하지 마세요!,3
영어로 소통할 수 있나요?,통역 서비스를 제공하기 때문에 영어 사용이 가능합니다.,3
영어 사용,통역 서비스를 제공하기 때문에 영어 사용이 가능합니다.,3
영어 가능,통역 서비스를 제공하기 때문에 영어 사용이 가능합니다.,3
영어를 사용할 수 있나요?,"네, 영어 통역사가 당신을 도울 것입니다.",3
영어를 사용해도 되나요?,"네, 영어 통역사가 당신을 도울 것입니다.",3
그곳에서 영어로 말할 수 있나요?,네! 통역이 제공됩니다. 걱정하지 마세요!,3
그곳에서 영어를 할 수 있나요?,네! 통역이 제공됩니다. 걱정하지 마세요!,3
영어로 말할 수 있나요?,물론입니다. 영어 통역사가 정보 전달을 도울 것입니다.,3
영어를 해도 되나요?,물론입니다. 영어 통역사가 정보 전달을 도울 것입니다.,3
통역사,항상 통역사가 상주하고 있습니다. 걱정하지 마세요!,3
통역사 존재,항상 통역사가 상주하고 있습니다. 걱정하지 마세요!,3
영어를 사용할 수 있는지 궁금해요,물론입니다. 영어 통역사가 정보 전달을 도울 것입니다.,3
영어로 말해도 되는 지 궁금해요,통역 서비스를 제공하기 때문에 영어 사용이 가능합니다.,3
영어로 소통할 수 있는지 궁금해,통역 서비스를 제공하기 때문에 영어 사용이 가능합니다.,3
번역을 제공하는지 궁금해요,물론입니다. 저희는 통역 서비스를 제공합니다.,3
번역가가 있는지 궁금합니다,통역사가 원활한 소통이 가능하도록 도와드릴 것입니다!,3
통역사가 있는지 궁금해,통역사가 원활한 소통이 가능하도록 도와드릴 것입니다!,3
한국어를 못 해도 되나요?,물론입니다. 저희는 통역 서비스를 제공합니다.,3
한국어 못해도 돼?,물론입니다. 저희는 통역 서비스를 제공합니다.,3
한국어,한국어를 못 해도 걱정하지 마세요. 저희는 통역 서비스를 제공합니다.,3
통역사 있어?,"네, 항상 통역사가 상주하고 있습니다. 걱정하지 마세요!",3
번역가 있어?,"네, 항상 통역사가 상주하고 있습니다. 걱정하지 마세요!",3
통역 가능해?,네! 통역이 제공됩니다. 걱정하지 마세요!,3
통역 해줘?,네! 통역이 제공됩니다. 걱정하지 마세요!,3
가격이 어떻게 되나요?,구체적인 세션을 알려주세요.,4
얼마를 내야 하나요?,구체적인 세션을 알려주세요.,4
가격이 어떻게 돼?,구체적인 세션을 알려주세요.,4
얼마입니까?,구체적인 세션을 알려주세요.,4
얼마예요?,구체적인 세션을 알려주세요.,4
얼마야?,구체적인 세션을 알려주세요.,4
얼마를 내야 합니까?,구체적인 세션을 알려주세요.,4
얼마를 내야 해?,구체적인 세션을 알려주세요.,4
얼마를 내야 돼?,구체적인 세션을 알려주세요.,4
가격이 어떻게 됩니까?,구체적인 세션을 알려주세요.,4
얼마나 많이?,구체적인 세션을 알려주세요.,4
얼마나 될까요?,구체적인 세션을 알려주세요.,4
비용은 얼마입니까?,구체적인 세션을 알려주세요.,4
비용은 얼마나 될까요?,구체적인 세션을 알려주세요.,4
비용은 얼마가 들까요?,구체적인 세션을 알려주세요.,4
얼마인가요?,구체적인 세션을 알려주세요.,4
얼마가 될까요?,구체적인 세션을 알려주세요.,4
비용은 얼마인가요?,구체적인 세션을 알려주세요.,4
비용,구체적인 세션을 알려주세요.,4
가격,구체적인 세션을 알려주세요.,4
가격은 얼마인가요?,구체적인 세션을 알려주세요.,4
가격은 얼마나 되나요?,구체적인 세션을 알려주세요.,4
가격은 얼마입니까?,구체적인 세션을 알려주세요.,4
가격은 어느 정도인가요?,구체적인 세션을 알려주세요.,4
가격은 얼마일까요?,구체적인 세션을 알려주세요.,4
비용이 어떻게 되나요?,구체적인 세션을 알려주세요.,4
비용이 어떻게 돼?,구체적인 세션을 알려주세요.,4
비용이 어떻게 됩니까?,구체적인 세션을 알려주세요.,4
가격이 어떻게 돼?,구체적인 세션을 알려주세요.,4
가격이 어떻게 되나요?,구체적인 세션을 알려주세요.,4
돈,구체적인 세션을 알려주세요.,4
돈을 얼마나 내야 해?,구체적인 세션을 알려주세요.,4
돈을 얼마나 내야 합니까?,구체적인 세션을 알려주세요.,4
얼마를 지불해야 하나요?,구체적인 세션을 알려주세요.,4
얼마를 결제해야 하나요?,구체적인 세션을 알려주세요.,4
지불,구체적인 세션을 알려주세요.,4
결제,구체적인 세션을 알려주세요.,4
금액은 얼마인가요?,구체적인 세션을 알려주세요.,4
돈이 얼마나 되나요?,구체적인 세션을 알려주세요.,4
금액은 얼마입니까?,구체적인 세션을 알려주세요.,4
금액은 얼마예요?,구체적인 세션을 알려주세요.,4
얼마,구체적인 세션을 알려주세요.,4
시간이 얼마나 걸리나요?,구체적인 세션을 알려주세요.,4
얼마나 걸리나요?,구체적인 세션을 알려주세요.,4
얼마나 오래 걸리나요?,구체적인 세션을 알려주세요.,4
얼마나 걸릴까요?,구체적인 세션을 알려주세요.,4
소요 시간은 얼마나 걸리나요?,구체적인 세션을 알려주세요.,4
소요 시간은 어떻게 되나요?,구체적인 세션을 알려주세요.,4
시간,구체적인 세션을 알려주세요.,4
소요 시간,구체적인 세션을 알려주세요.,4
Personal Color,"Personal Color(1:1) - 150,000\(80min), Personal Color(2:1) - 260,000\(110min)입니다.",4
Personal Color 1:1,"Personal Color(1:1) - 150,000\(80min)입니다.",4
Personal Color(1:1),"Personal Color(1:1) - 150,000\(80min)입니다.",4
Personal Color 1:1 가격 알려줘,"Personal Color(1:1) - 150,000\(80min)입니다.",4
Personal Color 가격 알려줘,"Personal Color(1:1) - 150,000\(80min), Personal Color(2:1) - 260,000\(110min)입니다.",4
Personal Color 2:1 가격 알려줘,"Personal Color(2:1) - 260,000\(110min)입니다.",4
Personal Color(1:1) 가격이 어떻게 되나요?,"Personal Color(1:1) - 150,000\(80min)입니다.",4
Personal Color(2:1) 가격 알려줘,"Personal Color(2:1) - 260,000\(110min)입니다.",4
Personal Color 2:1,"Personal Color(2:1) - 260,000\(110min)입니다.",4
Personal Color(2:1),"Personal Color(2:1) - 260,000\(110min)입니다.",4
Personal Color 가격,"Personal Color(1:1) - 150,000\(80min), Personal Color(2:1) - 260,000\(110min)입니다.",4
Personal Color(1:1) 얼마야?,"Personal Color(1:1) - 150,000\(80min)입니다.",4
Personal Color 1:1 얼마입니까?,"Personal Color(1:1) - 150,000\(80min)입니다.",4
Personal Color(2:1) 얼마인가요?,"Personal Color(2:1) - 260,000\(110min)입니다.",4
Personal Color 2:1 얼마야?,"Personal Color(2:1) - 260,000\(110min)입니다.",4
Personal Color는 얼마인가요?,"Personal Color(1:1) - 150,000\(80min), Personal Color(2:1) - 260,000\(110min)입니다.",4
Personal Color 소요 시간,"Personal Color(1:1) - 150,000\(80min), Personal Color(2:1) - 260,000\(110min)입니다.",4
Personal Color 시간,"Personal Color(1:1) - 150,000\(80min), Personal Color(2:1) - 260,000\(110min)입니다.",4
Personal Color(1:1) 얼마나 걸리나요?,"Personal Color(1:1) - 150,000\(80min)입니다.",4
Personal Color 1:1 시간이 얼마나 걸리나요?,"Personal Color(1:1) - 150,000\(80min)입니다.",4
Personal Color(2:1) 소요 시간이 어떻게 되나요?,"Personal Color(2:1) - 260,000\(110min)입니다.",4
Personal Color 2:1 얼마나 오래 걸리나요?,"Personal Color(2:1) - 260,000\(110min)입니다.",4
Premium image making,"Premium image making(1:1) - 200,000\(110min)입니다.",4
Premium image making 1:1,"Premium image making(1:1) - 200,000\(110min)입니다.",4
Premium image making(1:1),"Premium image making(1:1) - 200,000\(110min)입니다.",4
Premium image making 1:1 가격 알려줘,"Premium image making(1:1) - 200,000\(110min)입니다.",4
Premium image making 가격 알려줘,"Premium image making(2:1) - 350,000\(170min), Premium image making(2:1) - 350,000\(170min)입니다.",4
Premium image making 2:1 가격 알려줘,"Premium image making(2:1) - 350,000\(170min)입니다.",4
Premium image making(1:1) 가격이 어떻게 되나요?,"Premium image making(1:1) - 200,000\(110min)입니다.",4
Premium image making(2:1) 가격 알려줘,"Premium image making(2:1) - 350,000\(170min)입니다.",4
Premium image making 2:1,"Premium image making(2:1) - 350,000\(170min)입니다.",4
Premium image making(2:1),"Premium image making(2:1) - 350,000\(170min)입니다.",4
Premium image making 가격,"Premium image making(2:1) - 350,000\(170min), Premium image making(2:1) - 350,000\(170min)입니다.",4
Premium image making(1:1) 얼마야?,"Premium image making(1:1) - 200,000\(110min)입니다.",4
Premium image making 1:1 얼마입니까?,"Premium image making(1:1) - 200,000\(110min)입니다.",4
Premium image making(2:1) 얼마인가요?,"Premium image making(2:1) - 350,000\(170min)입니다.",4
Premium image making 2:1 얼마야?,"Premium image making(2:1) - 350,000\(170min)입니다.",4
Premium image making는 얼마인가요?,"Premium image making(2:1) - 350,000\(170min), Premium image making(2:1) - 350,000\(170min)입니다.",4
Premium image making 소요 시간,"Premium image making(2:1) - 350,000\(170min), Premium image making(2:1) - 350,000\(170min)입니다.",4
Premium image making 시간,"Premium image making(2:1) - 350,000\(170min), Premium image making(2:1) - 350,000\(170min)입니다.",4
Premium image making(1:1) 얼마나 걸리나요?,"Premium image making(1:1) - 200,000\(110min)입니다.",4
Premium image making 1:1 시간이 얼마나 걸리나요?,"Premium image making(1:1) - 200,000\(110min)입니다.",4
Premium image making(2:1) 소요 시간이 어떻게 되나요?,"Premium image making(2:1) - 350,000\(170min)입니다.",4
Premium image making 2:1 얼마나 오래 걸리나요?,"Premium image making(2:1) - 350,000\(170min)입니다.",4
Make up+Personal Color,"Make up+Personal Color(1:1) - 200,000\(110min), Make up+Personal Color(2:1) - 360,000\(170min)입니다.",4
Make up+Personal Color 1:1,"Make up+Personal Color(1:1) - 200,000\(110min)입니다.",4
Make up+Personal Color(1:1),"Make up+Personal Color(1:1) - 200,000\(110min)입니다.",4
Make up+Personal Color 1:1 가격 알려줘,"Make up+Personal Color(1:1) - 200,000\(110min)입니다.",4
Make up+Personal Color 가격 알려줘,"Make up+Personal Color(1:1) - 200,000\(110min), Make up+Personal Color(2:1) - 360,000\(170min)입니다.",4
Make up+Personal Color 2:1 가격 알려줘,"Make up+Personal Color(2:1) - 360,000\(170min)입니다.",4
Make up+Personal Color(1:1) 가격이 어떻게 되나요?,"Make up+Personal Color(1:1) - 200,000\(110min)입니다.",4
Make up+Personal Color(2:1) 가격 알려줘,"Make up+Personal Color(2:1) - 360,000\(170min)입니다.",4
Make up+Personal Color 2:1,"Make up+Personal Color(2:1) - 360,000\(170min)입니다.",4
Make up+Personal Color(2:1),"Make up+Personal Color(2:1) - 360,000\(170min)입니다.",4
Make up+Personal Color 가격,"Make up+Personal Color(1:1) - 200,000\(110min), Make up+Personal Color(2:1) - 360,000\(170min)입니다.",4
Make up+Personal Color(1:1) 얼마야?,"Make up+Personal Color(1:1) - 200,000\(110min)입니다.",4
Make up+Personal Color 1:1 얼마입니까?,"Make up+Personal Color(1:1) - 200,000\(110min)입니다.",4
Make up+Personal Color(2:1) 얼마인가요?,"Make up+Personal Color(2:1) - 360,000\(170min)입니다.",4
Make up+Personal Color 2:1 얼마야?,"Make up+Personal Color(2:1) - 360,000\(170min)입니다.",4
Make up+Personal Color는 얼마인가요?,"Make up+Personal Color(1:1) - 200,000\(110min), Make up+Personal Color(2:1) - 360,000\(170min)입니다.",4
Make up+Personal Color 소요 시간,"Make up+Personal Color(1:1) - 200,000\(110min), Make up+Personal Color(2:1) - 360,000\(170min)입니다.",4
Make up+Personal Color 시간,"Make up+Personal Color(1:1) - 200,000\(110min), Make up+Personal Color(2:1) - 360,000\(170min)입니다.",4
Make up+Personal Color(1:1) 얼마나 걸리나요?,"Make up+Personal Color(1:1) - 200,000\(110min)입니다.",4
Make up+Personal Color 1:1 시간이 얼마나 걸리나요?,"Make up+Personal Color(1:1) - 200,000\(110min)입니다.",4
Make up+Personal Color(2:1) 소요 시간이 어떻게 되나요?,"Make up+Personal Color(2:1) - 360,000\(170min)입니다.",4
Make up+Personal Color 2:1 얼마나 오래 걸리나요?,"Make up+Personal Color(2:1) - 360,000\(170min)입니다.",4
퍼스널 컬러,"퍼스널 컬러(1:1) - 150,000\(80min), 퍼스널 컬러(2:1) - 260,000\(110min)입니다.",4
퍼스널 컬러 1:1,"퍼스널 컬러(1:1) - 150,000\(80min)입니다.",4
퍼스널 컬러(1:1),"퍼스널 컬러(1:1) - 150,000\(80min)입니다.",4
퍼스널 컬러 1:1 가격 알려줘,"퍼스널 컬러(1:1) - 150,000\(80min)입니다.",4
퍼스널 컬러 가격 알려줘,"퍼스널 컬러(1:1) - 150,000\(80min), 퍼스널 컬러(2:1) - 260,000\(110min)입니다.",4
퍼스널 컬러 2:1 가격 알려줘,"퍼스널 컬러(2:1) - 260,000\(110min)입니다.",4
퍼스널 컬러(1:1) 가격이 어떻게 되나요?,"퍼스널 컬러(1:1) - 150,000\(80min)입니다.",4
퍼스널 컬러(2:1) 가격 알려줘,"퍼스널 컬러(2:1) - 260,000\(110min)입니다.",4
퍼스널 컬러 2:1,"퍼스널 컬러(2:1) - 260,000\(110min)입니다.",4
퍼스널 컬러(2:1),"퍼스널 컬러(2:1) - 260,000\(110min)입니다.",4
퍼스널 컬러 가격,"퍼스널 컬러(1:1) - 150,000\(80min), 퍼스널 컬러(2:1) - 260,000\(110min)입니다.",4
퍼스널 컬러(1:1) 얼마야?,"퍼스널 컬러(1:1) - 150,000\(80min)입니다.",4
퍼스널 컬러 1:1 얼마입니까?,"퍼스널 컬러(1:1) - 150,000\(80min)입니다.",4
퍼스널 컬러(2:1) 얼마인가요?,"퍼스널 컬러(2:1) - 260,000\(110min)입니다.",4
퍼스널 컬러 2:1 얼마야?,"퍼스널 컬러(2:1) - 260,000\(110min)입니다.",4
퍼스널 컬러는 얼마인가요?,"퍼스널 컬러(1:1) - 150,000\(80min), 퍼스널 컬러(2:1) - 260,000\(110min)입니다.",4
퍼스널 컬러 소요 시간,"퍼스널 컬러(1:1) - 150,000\(80min), 퍼스널 컬러(2:1) - 260,000\(110min)입니다.",4
퍼스널 컬러 시간,"퍼스널 컬러(1:1) - 150,000\(80min), 퍼스널 컬러(2:1) - 260,000\(110min)입니다.",4
퍼스널 컬러(1:1) 얼마나 걸리나요?,"퍼스널 컬러(1:1) - 150,000\(80min)입니다.",4
퍼스널 컬러 1:1 시간이 얼마나 걸리나요?,"퍼스널 컬러(1:1) - 150,000\(80min)입니다.",4
퍼스널 컬러(2:1) 소요 시간이 어떻게 되나요?,"퍼스널 컬러(2:1) - 260,000\(110min)입니다.",4
퍼스널 컬러 2:1 얼마나 오래 걸리나요?,"퍼스널 컬러(2:1) - 260,000\(110min)입니다.",4
프리미엄 이미지 제작,"프리미엄 이미지 제작(1:1) - 200,000\(110min)입니다.",4
프리미엄 이미지 제작 1:1,"프리미엄 이미지 제작(1:1) - 200,000\(110min)입니다.",4
프리미엄 이미지 제작(1:1),"프리미엄 이미지 제작(1:1) - 200,000\(110min)입니다.",4
프리미엄 이미지 제작 1:1 가격 알려줘,"프리미엄 이미지 제작(1:1) - 200,000\(110min)입니다.",4
프리미엄 이미지 제작 가격 알려줘,"프리미엄 이미지 제작(2:1) - 350,000\(170min), 프리미엄 이미지 제작(2:1) - 350,000\(170min)입니다.",4
프리미엄 이미지 제작 2:1 가격 알려줘,"프리미엄 이미지 제작(2:1) - 350,000\(170min)입니다.",4
프리미엄 이미지 제작(1:1) 가격이 어떻게 되나요?,"프리미엄 이미지 제작(1:1) - 200,000\(110min)입니다.",4
프리미엄 이미지 제작(2:1) 가격 알려줘,"프리미엄 이미지 제작(2:1) - 350,000\(170min)입니다.",4
프리미엄 이미지 제작 2:1,"프리미엄 이미지 제작(2:1) - 350,000\(170min)입니다.",4
프리미엄 이미지 제작(2:1),"프리미엄 이미지 제작(2:1) - 350,000\(170min)입니다.",4
프리미엄 이미지 제작 가격,"프리미엄 이미지 제작(2:1) - 350,000\(170min), 프리미엄 이미지 제작(2:1) - 350,000\(170min)입니다.",4
프리미엄 이미지 제작(1:1) 얼마야?,"프리미엄 이미지 제작(1:1) - 200,000\(110min)입니다.",4
프리미엄 이미지 제작 1:1 얼마입니까?,"프리미엄 이미지 제작(1:1) - 200,000\(110min)입니다.",4
프리미엄 이미지 제작(2:1) 얼마인가요?,"프리미엄 이미지 제작(2:1) - 350,000\(170min)입니다.",4
프리미엄 이미지 제작 2:1 얼마야?,"프리미엄 이미지 제작(2:1) - 350,000\(170min)입니다.",4
프리미엄 이미지 제작은 얼마인가요?,"프리미엄 이미지 제작(2:1) - 350,000\(170min), 프리미엄 이미지 제작(2:1) - 350,000\(170min)입니다.",4
프리미엄 이미지 제작 소요 시간,"프리미엄 이미지 제작(2:1) - 350,000\(170min), 프리미엄 이미지 제작(2:1) - 350,000\(170min)입니다.",4
프리미엄 이미지 제작 시간,"프리미엄 이미지 제작(2:1) - 350,000\(170min), 프리미엄 이미지 제작(2:1) - 350,000\(170min)입니다.",4
프리미엄 이미지 제작(1:1) 얼마나 걸리나요?,"프리미엄 이미지 제작(1:1) - 200,000\(110min)입니다.",4
프리미엄 이미지 제작 1:1 시간이 얼마나 걸리나요?,"프리미엄 이미지 제작(1:1) - 200,000\(110min)입니다.",4
프리미엄 이미지 제작(2:1) 소요 시간이 어떻게 되나요?,"프리미엄 이미지 제작(2:1) - 350,000\(170min)입니다.",4
프리미엄 이미지 제작 2:1 얼마나 오래 걸리나요?,"프리미엄 이미지 제작(2:1) - 350,000\(170min)입니다.",4
메이크업+퍼스널 컬러,"메이크업+퍼스널 컬러(1:1) - 200,000\(110min), 메이크업+퍼스널 컬러(2:1) - 360,000\(170min)입니다.",4
메이크업+퍼스널 컬러 1:1,"메이크업+퍼스널 컬러(1:1) - 200,000\(110min)입니다.",4
메이크업+퍼스널 컬러(1:1),"메이크업+퍼스널 컬러(1:1) - 200,000\(110min)입니다.",4
메이크업+퍼스널 컬러 1:1 가격 알려줘,"메이크업+퍼스널 컬러(1:1) - 200,000\(110min)입니다.",4
메이크업+퍼스널 컬러 가격 알려줘,"메이크업+퍼스널 컬러(1:1) - 200,000\(110min), 메이크업+퍼스널 컬러(2:1) - 360,000\(170min)입니다.",4
메이크업+퍼스널 컬러 2:1 가격 알려줘,"메이크업+퍼스널 컬러(2:1) - 360,000\(170min)입니다.",4
메이크업+퍼스널 컬러(1:1) 가격이 어떻게 되나요?,"메이크업+퍼스널 컬러(1:1) - 200,000\(110min)입니다.",4
메이크업+퍼스널 컬러(2:1) 가격 알려줘,"메이크업+퍼스널 컬러(2:1) - 360,000\(170min)입니다.",4
메이크업+퍼스널 컬러 2:1,"메이크업+퍼스널 컬러(2:1) - 360,000\(170min)입니다.",4
메이크업+퍼스널 컬러(2:1),"메이크업+퍼스널 컬러(2:1) - 360,000\(170min)입니다.",4
메이크업+퍼스널 컬러 가격,"메이크업+퍼스널 컬러(1:1) - 200,000\(110min), 메이크업+퍼스널 컬러(2:1) - 360,000\(170min)입니다.",4
메이크업+퍼스널 컬러(1:1) 얼마야?,"메이크업+퍼스널 컬러(1:1) - 200,000\(110min)입니다.",4
메이크업+퍼스널 컬러 1:1 얼마입니까?,"메이크업+퍼스널 컬러(1:1) - 200,000\(110min)입니다.",4
메이크업+퍼스널 컬러(2:1) 얼마인가요?,"메이크업+퍼스널 컬러(2:1) - 360,000\(170min)입니다.",4
메이크업+퍼스널 컬러 2:1 얼마야?,"메이크업+퍼스널 컬러(2:1) - 360,000\(170min)입니다.",4
메이크업+퍼스널 컬러는 얼마인가요?,"메이크업+퍼스널 컬러(1:1) - 200,000\(110min), 메이크업+퍼스널 컬러(2:1) - 360,000\(170min)입니다.",4
메이크업+퍼스널 컬러 소요 시간,"메이크업+퍼스널 컬러(1:1) - 200,000\(110min), 메이크업+퍼스널 컬러(2:1) - 360,000\(170min)입니다.",4
메이크업+퍼스널 컬러 시간,"메이크업+퍼스널 컬러(1:1) - 200,000\(110min), 메이크업+퍼스널 컬러(2:1) - 360,000\(170min)입니다.",4
메이크업+퍼스널 컬러(1:1) 얼마나 걸리나요?,"메이크업+퍼스널 컬러(1:1) - 200,000\(110min)입니다.",4
메이크업+퍼스널 컬러 1:1 시간이 얼마나 걸리나요?,"메이크업+퍼스널 컬러(1:1) - 200,000\(110min)입니다.",4
메이크업+퍼스널 컬러(2:1) 소요 시간이 어떻게 되나요?,"메이크업+퍼스널 컬러(2:1) - 360,000\(170min)입니다.",4
메이크업+퍼스널 컬러 2:1 얼마나 오래 걸리나요?,"메이크업+퍼스널 컬러(2:1) - 360,000\(170min)입니다.",4
퍼스널 컬러란 무엇인가요?,"사람이 태어날 때부터 지니는 신체 고유색(피부, 눈동자, 머리카락, 두피, 혈관색)과 조화를 이루는 색으로, 그 사람만의 개성을 표현학 본연의 아름다움과 매력을 극대화시켜주는 색을 말합니다. ",4
퍼스널 컬러가 뭐야?,"사람이 태어날 때부터 지니는 신체 고유색(피부, 눈동자, 머리카락, 두피, 혈관색)과 조화를 이루는 색으로, 그 사람만의 개성을 표현학 본연의 아름다움과 매력을 극대화시켜주는 색을 말합니다. ",4
퍼스널 컬러,"사람이 태어날 때부터 지니는 신체 고유색(피부, 눈동자, 머리카락, 두피, 혈관색)과 조화를 이루는 색으로, 그 사람만의 개성을 표현학 본연의 아름다움과 매력을 극대화시켜주는 색을 말합니다. ",4
퍼스널 컬러 과정에는 무엇이 포함되나요?,1) 셀프 진단서 작성  2)이론 안내  3) 피부톤 진단  4) 명도/채도 진단  5) 1차 웜/쿨 온도감 진단  6) 2차 세부톤/계절 진단  7) 패턴 체크  8) 헤어 컬러 진단  9) 개인 파우치 진단  10) 베스트/워스트 타입 특징 확인  11) 메이크업 제품 추천  12) 베스트 컬러감 상의 착용 테스트  13) 베스트 제품 발색 테스트  14) 액세서리 컬러 및 디자인 추천  15) 최종 진단 및 피드백  16) 퍼스널 컬러북 제공 17) 사후 보고서 발송이 포함됩니다. ,4
퍼스널 컬러 코스가 뭐야?,1) 셀프 진단서 작성  2)이론 안내  3) 피부톤 진단  4) 명도/채도 진단  5) 1차 웜/쿨 온도감 진단  6) 2차 세부톤/계절 진단  7) 패턴 체크  8) 헤어 컬러 진단  9) 개인 파우치 진단  10) 베스트/워스트 타입 특징 확인  11) 메이크업 제품 추천  12) 베스트 컬러감 상의 착용 테스트  13) 베스트 제품 발색 테스트  14) 액세서리 컬러 및 디자인 추천  15) 최종 진단 및 피드백  16) 퍼스널 컬러북 제공 17) 사후 보고서 발송이 포함됩니다. ,4
퍼스널 컬러 세션이 뭐야?,1) 셀프 진단서 작성  2)이론 안내  3) 피부톤 진단  4) 명도/채도 진단  5) 1차 웜/쿨 온도감 진단  6) 2차 세부톤/계절 진단  7) 패턴 체크  8) 헤어 컬러 진단  9) 개인 파우치 진단  10) 베스트/워스트 타입 특징 확인  11) 메이크업 제품 추천  12) 베스트 컬러감 상의 착용 테스트  13) 베스트 제품 발색 테스트  14) 액세서리 컬러 및 디자인 추천  15) 최종 진단 및 피드백  16) 퍼스널 컬러북 제공 17) 사후 보고서 발송이 포함됩니다. ,4
개인 컬러란 무엇인가요?,"사람이 태어날 때부터 지니는 신체 고유색(피부, 눈동자, 머리카락, 두피, 혈관색)과 조화를 이루는 색으로, 그 사람만의 개성을 표현학 본연의 아름다움과 매력을 극대화시켜주는 색을 말합니다. ",4
퍼스널 컬러란?,"사람이 태어날 때부터 지니는 신체 고유색(피부, 눈동자, 머리카락, 두피, 혈관색)과 조화를 이루는 색으로, 그 사람만의 개성을 표현학 본연의 아름다움과 매력을 극대화시켜주는 색을 말합니다. ",4
퍼스널 컬러 세션은 무엇인가요?,1) 셀프 진단서 작성  2)이론 안내  3) 피부톤 진단  4) 명도/채도 진단  5) 1차 웜/쿨 온도감 진단  6) 2차 세부톤/계절 진단  7) 패턴 체크  8) 헤어 컬러 진단  9) 개인 파우치 진단  10) 베스트/워스트 타입 특징 확인  11) 메이크업 제품 추천  12) 베스트 컬러감 상의 착용 테스트  13) 베스트 제품 발색 테스트  14) 액세서리 컬러 및 디자인 추천  15) 최종 진단 및 피드백  16) 퍼스널 컬러북 제공 17) 사후 보고서 발송이 포함됩니다. ,4
프리미엄 이미지 메이킹 세션이란 무엇인가요?,1) 셀프 진단서 작성  2)이론 안내  3) 피부톤 진단  4) 명도/채도 진단  5) 1차 온도감 체크 -> 2차 세부톤 진단  6) 패턴 체크 7) 헤어 컬러 진단  8) 개인 파우치 진단  9) 베스트 컬러감 상의 착용 테스트 10) 베스트/워스트 타입 특징 확인  11) 메이크업 제품 추천  12) 베스트 제품 발색 테스트  13) 액세서리 컬러 및 디자인 추천  14) 최종 진단 및 피드백  15) 사후 보고서 발송  16) 골격 진단  17) 넥 라인 진단  18) 상하의/아우터/악세사리 디자인 추천 및 코칭  19) 얼굴 타입에 알맞는 헤어 스타일링 코칭  20) TPO에 알맞는 분위기 종합 체크  21) 퍼스널 컬러북 제공 이 포함됩니다. ,4
프리미엄 이미지 제작 세션이란 무엇인가요?,1) 셀프 진단서 작성  2)이론 안내  3) 피부톤 진단  4) 명도/채도 진단  5) 1차 온도감 체크 -> 2차 세부톤 진단  6) 패턴 체크 7) 헤어 컬러 진단  8) 개인 파우치 진단  9) 베스트 컬러감 상의 착용 테스트 10) 베스트/워스트 타입 특징 확인  11) 메이크업 제품 추천  12) 베스트 제품 발색 테스트  13) 액세서리 컬러 및 디자인 추천  14) 최종 진단 및 피드백  15) 사후 보고서 발송  16) 골격 진단  17) 넥 라인 진단  18) 상하의/아우터/악세사리 디자인 추천 및 코칭  19) 얼굴 타입에 알맞는 헤어 스타일링 코칭  20) TPO에 알맞는 분위기 종합 체크  21) 퍼스널 컬러북 제공 이 포함됩니다. ,4
프리미엄 이미지 제작 세션?,1) 셀프 진단서 작성  2)이론 안내  3) 피부톤 진단  4) 명도/채도 진단  5) 1차 온도감 체크 -> 2차 세부톤 진단  6) 패턴 체크 7) 헤어 컬러 진단  8) 개인 파우치 진단  9) 베스트 컬러감 상의 착용 테스트 10) 베스트/워스트 타입 특징 확인  11) 메이크업 제품 추천  12) 베스트 제품 발색 테스트  13) 액세서리 컬러 및 디자인 추천  14) 최종 진단 및 피드백  15) 사후 보고서 발송  16) 골격 진단  17) 넥 라인 진단  18) 상하의/아우터/악세사리 디자인 추천 및 코칭  19) 얼굴 타입에 알맞는 헤어 스타일링 코칭  20) TPO에 알맞는 분위기 종합 체크  21) 퍼스널 컬러북 제공 이 포함됩니다. ,4
프리미엄 이미지 메이킹 과정에는 무엇이 포함되나요?,1) 셀프 진단서 작성  2)이론 안내  3) 피부톤 진단  4) 명도/채도 진단  5) 1차 온도감 체크 -> 2차 세부톤 진단  6) 패턴 체크 7) 헤어 컬러 진단  8) 개인 파우치 진단  9) 베스트 컬러감 상의 착용 테스트 10) 베스트/워스트 타입 특징 확인  11) 메이크업 제품 추천  12) 베스트 제품 발색 테스트  13) 액세서리 컬러 및 디자인 추천  14) 최종 진단 및 피드백  15) 사후 보고서 발송  16) 골격 진단  17) 넥 라인 진단  18) 상하의/아우터/악세사리 디자인 추천 및 코칭  19) 얼굴 타입에 알맞는 헤어 스타일링 코칭  20) TPO에 알맞는 분위기 종합 체크  21) 퍼스널 컬러북 제공 이 포함됩니다. ,4
프리미엄 이미지 제작 과정에는 무엇이 포함되어 있나요?,1) 셀프 진단서 작성  2)이론 안내  3) 피부톤 진단  4) 명도/채도 진단  5) 1차 온도감 체크 -> 2차 세부톤 진단  6) 패턴 체크 7) 헤어 컬러 진단  8) 개인 파우치 진단  9) 베스트 컬러감 상의 착용 테스트 10) 베스트/워스트 타입 특징 확인  11) 메이크업 제품 추천  12) 베스트 제품 발색 테스트  13) 액세서리 컬러 및 디자인 추천  14) 최종 진단 및 피드백  15) 사후 보고서 발송  16) 골격 진단  17) 넥 라인 진단  18) 상하의/아우터/악세사리 디자인 추천 및 코칭  19) 얼굴 타입에 알맞는 헤어 스타일링 코칭  20) TPO에 알맞는 분위기 종합 체크  21) 퍼스널 컬러북 제공 이 포함됩니다. ,4
퍼스널 컬러(1:1) 과정에는 무엇이 포함되나요?,1) 셀프 진단서 작성  2)이론 안내  3) 피부톤 진단  4) 명도/채도 진단  5) 1차 웜/쿨 온도감 진단  6) 2차 세부톤/계절 진단  7) 패턴 체크  8) 헤어 컬러 진단  9) 개인 파우치 진단  10) 베스트/워스트 타입 특징 확인  11) 메이크업 제품 추천  12) 베스트 컬러감 상의 착용 테스트  13) 베스트 제품 발색 테스트  14) 액세서리 컬러 및 디자인 추천  15) 최종 진단 및 피드백  16) 퍼스널 컬러북 제공 17) 사후 보고서 발송이 포함됩니다. 이 과정들이 1:1로 진행됩니다. ,4
퍼스널 컬러(1:1) 코스가 뭐야?,1) 셀프 진단서 작성  2)이론 안내  3) 피부톤 진단  4) 명도/채도 진단  5) 1차 웜/쿨 온도감 진단  6) 2차 세부톤/계절 진단  7) 패턴 체크  8) 헤어 컬러 진단  9) 개인 파우치 진단  10) 베스트/워스트 타입 특징 확인  11) 메이크업 제품 추천  12) 베스트 컬러감 상의 착용 테스트  13) 베스트 제품 발색 테스트  14) 액세서리 컬러 및 디자인 추천  15) 최종 진단 및 피드백  16) 퍼스널 컬러북 제공 17) 사후 보고서 발송이 포함됩니다. 이 과정들이 1:1로 진행됩니다. ,4
퍼스널 컬러(1:1) 세션이 뭐야?,1) 셀프 진단서 작성  2)이론 안내  3) 피부톤 진단  4) 명도/채도 진단  5) 1차 웜/쿨 온도감 진단  6) 2차 세부톤/계절 진단  7) 패턴 체크  8) 헤어 컬러 진단  9) 개인 파우치 진단  10) 베스트/워스트 타입 특징 확인  11) 메이크업 제품 추천  12) 베스트 컬러감 상의 착용 테스트  13) 베스트 제품 발색 테스트  14) 액세서리 컬러 및 디자인 추천  15) 최종 진단 및 피드백  16) 퍼스널 컬러북 제공 17) 사후 보고서 발송이 포함됩니다. 이 과정들이 1:1로 진행됩니다. ,4
퍼스널 컬러(1:1) 세션은 무엇인가요?,1) 셀프 진단서 작성  2)이론 안내  3) 피부톤 진단  4) 명도/채도 진단  5) 1차 웜/쿨 온도감 진단  6) 2차 세부톤/계절 진단  7) 패턴 체크  8) 헤어 컬러 진단  9) 개인 파우치 진단  10) 베스트/워스트 타입 특징 확인  11) 메이크업 제품 추천  12) 베스트 컬러감 상의 착용 테스트  13) 베스트 제품 발색 테스트  14) 액세서리 컬러 및 디자인 추천  15) 최종 진단 및 피드백  16) 퍼스널 컬러북 제공 17) 사후 보고서 발송이 포함됩니다. 이 과정들이 1:1로 진행됩니다. ,4
퍼스널 컬러(2:1) 과정에는 무엇이 포함되나요?,1) 셀프 진단서 작성  2)이론 안내  3) 피부톤 진단  4) 명도/채도 진단  5) 1차 웜/쿨 온도감 진단  6) 2차 세부톤/계절 진단  7) 패턴 체크  8) 헤어 컬러 진단  9) 개인 파우치 진단  10) 베스트/워스트 타입 특징 확인  11) 메이크업 제품 추천  12) 베스트 컬러감 상의 착용 테스트  13) 베스트 제품 발색 테스트  14) 액세서리 컬러 및 디자인 추천  15) 최종 진단 및 피드백  16) 퍼스널 컬러북 제공 17) 사후 보고서 발송이 포함됩니다. 이 과정들이 2:1로 진행됩니다. ,4
퍼스널 컬러(2:1) 코스가 뭐야?,1) 셀프 진단서 작성  2)이론 안내  3) 피부톤 진단  4) 명도/채도 진단  5) 1차 웜/쿨 온도감 진단  6) 2차 세부톤/계절 진단  7) 패턴 체크  8) 헤어 컬러 진단  9) 개인 파우치 진단  10) 베스트/워스트 타입 특징 확인  11) 메이크업 제품 추천  12) 베스트 컬러감 상의 착용 테스트  13) 베스트 제품 발색 테스트  14) 액세서리 컬러 및 디자인 추천  15) 최종 진단 및 피드백  16) 퍼스널 컬러북 제공 17) 사후 보고서 발송이 포함됩니다. 이 과정들이 2:1로 진행됩니다. ,4
퍼스널 컬러(2:1) 세션이 뭐야?,1) 셀프 진단서 작성  2)이론 안내  3) 피부톤 진단  4) 명도/채도 진단  5) 1차 웜/쿨 온도감 진단  6) 2차 세부톤/계절 진단  7) 패턴 체크  8) 헤어 컬러 진단  9) 개인 파우치 진단  10) 베스트/워스트 타입 특징 확인  11) 메이크업 제품 추천  12) 베스트 컬러감 상의 착용 테스트  13) 베스트 제품 발색 테스트  14) 액세서리 컬러 및 디자인 추천  15) 최종 진단 및 피드백  16) 퍼스널 컬러북 제공 17) 사후 보고서 발송이 포함됩니다. 이 과정들이 2:1로 진행됩니다. ,4
퍼스널 컬러(2:1) 세션은 무엇인가요?,1) 셀프 진단서 작성  2)이론 안내  3) 피부톤 진단  4) 명도/채도 진단  5) 1차 웜/쿨 온도감 진단  6) 2차 세부톤/계절 진단  7) 패턴 체크  8) 헤어 컬러 진단  9) 개인 파우치 진단  10) 베스트/워스트 타입 특징 확인  11) 메이크업 제품 추천  12) 베스트 컬러감 상의 착용 테스트  13) 베스트 제품 발색 테스트  14) 액세서리 컬러 및 디자인 추천  15) 최종 진단 및 피드백  16) 퍼스널 컬러북 제공 17) 사후 보고서 발송이 포함됩니다. 이 과정들이 2:1로 진행됩니다. ,4
프리미엄 이미지 메이킹(1:1) 세션이란 무엇인가요?,1) 셀프 진단서 작성  2)이론 안내  3) 피부톤 진단  4) 명도/채도 진단  5) 1차 온도감 체크 -> 2차 세부톤 진단  6) 패턴 체크 7) 헤어 컬러 진단  8) 개인 파우치 진단  9) 베스트 컬러감 상의 착용 테스트 10) 베스트/워스트 타입 특징 확인  11) 메이크업 제품 추천  12) 베스트 제품 발색 테스트  13) 액세서리 컬러 및 디자인 추천  14) 최종 진단 및 피드백  15) 사후 보고서 발송  16) 골격 진단  17) 넥 라인 진단  18) 상하의/아우터/악세사리 디자인 추천 및 코칭  19) 얼굴 타입에 알맞는 헤어 스타일링 코칭  20) TPO에 알맞는 분위기 종합 체크  21) 퍼스널 컬러북 제공 이 포함됩니다. 이 과정들이 1:1로 진행됩니다. ,4
프리미엄 이미지 제작(1:1) 세션이란 무엇인가요?,1) 셀프 진단서 작성  2)이론 안내  3) 피부톤 진단  4) 명도/채도 진단  5) 1차 온도감 체크 -> 2차 세부톤 진단  6) 패턴 체크 7) 헤어 컬러 진단  8) 개인 파우치 진단  9) 베스트 컬러감 상의 착용 테스트 10) 베스트/워스트 타입 특징 확인  11) 메이크업 제품 추천  12) 베스트 제품 발색 테스트  13) 액세서리 컬러 및 디자인 추천  14) 최종 진단 및 피드백  15) 사후 보고서 발송  16) 골격 진단  17) 넥 라인 진단  18) 상하의/아우터/악세사리 디자인 추천 및 코칭  19) 얼굴 타입에 알맞는 헤어 스타일링 코칭  20) TPO에 알맞는 분위기 종합 체크  21) 퍼스널 컬러북 제공 이 포함됩니다. 이 과정들이 1:1로 진행됩니다. ,4
프리미엄 이미지 제작(1:1) 세션?,1) 셀프 진단서 작성  2)이론 안내  3) 피부톤 진단  4) 명도/채도 진단  5) 1차 온도감 체크 -> 2차 세부톤 진단  6) 패턴 체크 7) 헤어 컬러 진단  8) 개인 파우치 진단  9) 베스트 컬러감 상의 착용 테스트 10) 베스트/워스트 타입 특징 확인  11) 메이크업 제품 추천  12) 베스트 제품 발색 테스트  13) 액세서리 컬러 및 디자인 추천  14) 최종 진단 및 피드백  15) 사후 보고서 발송  16) 골격 진단  17) 넥 라인 진단  18) 상하의/아우터/악세사리 디자인 추천 및 코칭  19) 얼굴 타입에 알맞는 헤어 스타일링 코칭  20) TPO에 알맞는 분위기 종합 체크  21) 퍼스널 컬러북 제공 이 포함됩니다. 이 과정들이 1:1로 진행됩니다. ,4
프리미엄 이미지 메이킹(1:1) 과정에는 무엇이 포함되나요?,1) 셀프 진단서 작성  2)이론 안내  3) 피부톤 진단  4) 명도/채도 진단  5) 1차 온도감 체크 -> 2차 세부톤 진단  6) 패턴 체크 7) 헤어 컬러 진단  8) 개인 파우치 진단  9) 베스트 컬러감 상의 착용 테스트 10) 베스트/워스트 타입 특징 확인  11) 메이크업 제품 추천  12) 베스트 제품 발색 테스트  13) 액세서리 컬러 및 디자인 추천  14) 최종 진단 및 피드백  15) 사후 보고서 발송  16) 골격 진단  17) 넥 라인 진단  18) 상하의/아우터/악세사리 디자인 추천 및 코칭  19) 얼굴 타입에 알맞는 헤어 스타일링 코칭  20) TPO에 알맞는 분위기 종합 체크  21) 퍼스널 컬러북 제공 이 포함됩니다. 이 과정들이 1:1로 진행됩니다. ,4
프리미엄 이미지 제작(1:1) 과정에는 무엇이 포함되어 있나요?,1) 셀프 진단서 작성  2)이론 안내  3) 피부톤 진단  4) 명도/채도 진단  5) 1차 온도감 체크 -> 2차 세부톤 진단  6) 패턴 체크 7) 헤어 컬러 진단  8) 개인 파우치 진단  9) 베스트 컬러감 상의 착용 테스트 10) 베스트/워스트 타입 특징 확인  11) 메이크업 제품 추천  12) 베스트 제품 발색 테스트  13) 액세서리 컬러 및 디자인 추천  14) 최종 진단 및 피드백  15) 사후 보고서 발송  16) 골격 진단  17) 넥 라인 진단  18) 상하의/아우터/악세사리 디자인 추천 및 코칭  19) 얼굴 타입에 알맞는 헤어 스타일링 코칭  20) TPO에 알맞는 분위기 종합 체크  21) 퍼스널 컬러북 제공 이 포함됩니다. 이 과정들이 1:1로 진행됩니다. ,4
메이크업+퍼스널 컬러 과정에는 무엇이 포함되나요?,1) 셀프 진단서 작성  2)이론 안내  3) 피부톤 진단  4) 명도/채도 진단  5) 1차 온도감 체크 -> 2차 세부톤 진단  6) 패턴 체크 7) 헤어 컬러 진단  8) 개인 파우치 진단  9) 베스트 컬러감 상의 착용 테스트 10) 베스트/워스트 타입 특징 확인  11) 액세서리 컬러 및 디자인 추천  12) 최종 진단 및 피드백  13) 사후 보고서 발송  14) 퍼스널 컬러 결과에 맞는 메이크업 컨셉 셋팅  15) 기초/색조 제품 특징 체크  16) 반쪽 컨설턴트 시연/셀프 반쪽 메이크업 진행 17) 베스트 메이크업 완료 후 포토부스 셀피 체크  18) 퍼스널 컬러북 제공 이 포함됩니다.,4
메이크업+퍼스널 컬러 과정에는 어떤 것이 포함되나요?,1) 셀프 진단서 작성  2)이론 안내  3) 피부톤 진단  4) 명도/채도 진단  5) 1차 온도감 체크 -> 2차 세부톤 진단  6) 패턴 체크 7) 헤어 컬러 진단  8) 개인 파우치 진단  9) 베스트 컬러감 상의 착용 테스트 10) 베스트/워스트 타입 특징 확인  11) 액세서리 컬러 및 디자인 추천  12) 최종 진단 및 피드백  13) 사후 보고서 발송  14) 퍼스널 컬러 결과에 맞는 메이크업 컨셉 셋팅  15) 기초/색조 제품 특징 체크  16) 반쪽 컨설턴트 시연/셀프 반쪽 메이크업 진행 17) 베스트 메이크업 완료 후 포토부스 셀피 체크  18) 퍼스널 컬러북 제공 이 포함됩니다.,4
메이크업+퍼스널 컬러 과정이란 무엇인가요? ,1) 셀프 진단서 작성  2)이론 안내  3) 피부톤 진단  4) 명도/채도 진단  5) 1차 온도감 체크 -> 2차 세부톤 진단  6) 패턴 체크 7) 헤어 컬러 진단  8) 개인 파우치 진단  9) 베스트 컬러감 상의 착용 테스트 10) 베스트/워스트 타입 특징 확인  11) 액세서리 컬러 및 디자인 추천  12) 최종 진단 및 피드백  13) 사후 보고서 발송  14) 퍼스널 컬러 결과에 맞는 메이크업 컨셉 셋팅  15) 기초/색조 제품 특징 체크  16) 반쪽 컨설턴트 시연/셀프 반쪽 메이크업 진행 17) 베스트 메이크업 완료 후 포토부스 셀피 체크  18) 퍼스널 컬러북 제공 이 포함됩니다.,4
메이크업+퍼스널 컬러 과정이란?,1) 셀프 진단서 작성  2)이론 안내  3) 피부톤 진단  4) 명도/채도 진단  5) 1차 온도감 체크 -> 2차 세부톤 진단  6) 패턴 체크 7) 헤어 컬러 진단  8) 개인 파우치 진단  9) 베스트 컬러감 상의 착용 테스트 10) 베스트/워스트 타입 특징 확인  11) 액세서리 컬러 및 디자인 추천  12) 최종 진단 및 피드백  13) 사후 보고서 발송  14) 퍼스널 컬러 결과에 맞는 메이크업 컨셉 셋팅  15) 기초/색조 제품 특징 체크  16) 반쪽 컨설턴트 시연/셀프 반쪽 메이크업 진행 17) 베스트 메이크업 완료 후 포토부스 셀피 체크  18) 퍼스널 컬러북 제공 이 포함됩니다.,4
메이크업+퍼스널 컬러(1:1) 과정에는 무엇이 포함되나요?,1) 셀프 진단서 작성  2)이론 안내  3) 피부톤 진단  4) 명도/채도 진단  5) 1차 온도감 체크 -> 2차 세부톤 진단  6) 패턴 체크 7) 헤어 컬러 진단  8) 개인 파우치 진단  9) 베스트 컬러감 상의 착용 테스트 10) 베스트/워스트 타입 특징 확인  11) 액세서리 컬러 및 디자인 추천  12) 최종 진단 및 피드백  13) 사후 보고서 발송  14) 퍼스널 컬러 결과에 맞는 메이크업 컨셉 셋팅  15) 기초/색조 제품 특징 체크  16) 반쪽 컨설턴트 시연/셀프 반쪽 메이크업 진행 17) 베스트 메이크업 완료 후 포토부스 셀피 체크  18) 퍼스널 컬러북 제공 이 포함됩니다. 이 과정들이 1:1로 진행됩니다. ,4
메이크업+퍼스널 컬러(1:1) 과정에는 어떤 것이 포함되나요?,1) 셀프 진단서 작성  2)이론 안내  3) 피부톤 진단  4) 명도/채도 진단  5) 1차 온도감 체크 -> 2차 세부톤 진단  6) 패턴 체크 7) 헤어 컬러 진단  8) 개인 파우치 진단  9) 베스트 컬러감 상의 착용 테스트 10) 베스트/워스트 타입 특징 확인  11) 액세서리 컬러 및 디자인 추천  12) 최종 진단 및 피드백  13) 사후 보고서 발송  14) 퍼스널 컬러 결과에 맞는 메이크업 컨셉 셋팅  15) 기초/색조 제품 특징 체크  16) 반쪽 컨설턴트 시연/셀프 반쪽 메이크업 진행 17) 베스트 메이크업 완료 후 포토부스 셀피 체크  18) 퍼스널 컬러북 제공 이 포함됩니다. 이 과정들이 1:1로 진행됩니다. ,4
메이크업+퍼스널 컬러(1:1) 과정이란 무엇인가요? ,1) 셀프 진단서 작성  2)이론 안내  3) 피부톤 진단  4) 명도/채도 진단  5) 1차 온도감 체크 -> 2차 세부톤 진단  6) 패턴 체크 7) 헤어 컬러 진단  8) 개인 파우치 진단  9) 베스트 컬러감 상의 착용 테스트 10) 베스트/워스트 타입 특징 확인  11) 액세서리 컬러 및 디자인 추천  12) 최종 진단 및 피드백  13) 사후 보고서 발송  14) 퍼스널 컬러 결과에 맞는 메이크업 컨셉 셋팅  15) 기초/색조 제품 특징 체크  16) 반쪽 컨설턴트 시연/셀프 반쪽 메이크업 진행 17) 베스트 메이크업 완료 후 포토부스 셀피 체크  18) 퍼스널 컬러북 제공 이 포함됩니다. 이 과정들이 1:1로 진행됩니다. ,4
메이크업+퍼스널 컬러(1:1) 과정이란?,1) 셀프 진단서 작성  2)이론 안내  3) 피부톤 진단  4) 명도/채도 진단  5) 1차 온도감 체크 -> 2차 세부톤 진단  6) 패턴 체크 7) 헤어 컬러 진단  8) 개인 파우치 진단  9) 베스트 컬러감 상의 착용 테스트 10) 베스트/워스트 타입 특징 확인  11) 액세서리 컬러 및 디자인 추천  12) 최종 진단 및 피드백  13) 사후 보고서 발송  14) 퍼스널 컬러 결과에 맞는 메이크업 컨셉 셋팅  15) 기초/색조 제품 특징 체크  16) 반쪽 컨설턴트 시연/셀프 반쪽 메이크업 진행 17) 베스트 메이크업 완료 후 포토부스 셀피 체크  18) 퍼스널 컬러북 제공 이 포함됩니다. 이 과정들이 1:1로 진행됩니다. ,4
메이크업+퍼스널 컬러(2:1) 과정에는 무엇이 포함되나요?,1) 셀프 진단서 작성  2)이론 안내  3) 피부톤 진단  4) 명도/채도 진단  5) 1차 온도감 체크 -> 2차 세부톤 진단  6) 패턴 체크 7) 헤어 컬러 진단  8) 개인 파우치 진단  9) 베스트 컬러감 상의 착용 테스트 10) 베스트/워스트 타입 특징 확인  11) 액세서리 컬러 및 디자인 추천  12) 최종 진단 및 피드백  13) 사후 보고서 발송  14) 퍼스널 컬러 결과에 맞는 메이크업 컨셉 셋팅  15) 기초/색조 제품 특징 체크  16) 반쪽 컨설턴트 시연/셀프 반쪽 메이크업 진행 17) 베스트 메이크업 완료 후 포토부스 셀피 체크  18) 퍼스널 컬러북 제공 이 포함됩니다. 이 과정들이 2:1로 진행됩니다. ,4
메이크업+퍼스널 컬러(2:1) 과정에는 어떤 것이 포함되나요?,1) 셀프 진단서 작성  2)이론 안내  3) 피부톤 진단  4) 명도/채도 진단  5) 1차 온도감 체크 -> 2차 세부톤 진단  6) 패턴 체크 7) 헤어 컬러 진단  8) 개인 파우치 진단  9) 베스트 컬러감 상의 착용 테스트 10) 베스트/워스트 타입 특징 확인  11) 액세서리 컬러 및 디자인 추천  12) 최종 진단 및 피드백  13) 사후 보고서 발송  14) 퍼스널 컬러 결과에 맞는 메이크업 컨셉 셋팅  15) 기초/색조 제품 특징 체크  16) 반쪽 컨설턴트 시연/셀프 반쪽 메이크업 진행 17) 베스트 메이크업 완료 후 포토부스 셀피 체크  18) 퍼스널 컬러북 제공 이 포함됩니다. 이 과정들이 2:1로 진행됩니다. ,4
메이크업+퍼스널 컬러(2:1) 과정이란 무엇인가요? ,1) 셀프 진단서 작성  2)이론 안내  3) 피부톤 진단  4) 명도/채도 진단  5) 1차 온도감 체크 -> 2차 세부톤 진단  6) 패턴 체크 7) 헤어 컬러 진단  8) 개인 파우치 진단  9) 베스트 컬러감 상의 착용 테스트 10) 베스트/워스트 타입 특징 확인  11) 액세서리 컬러 및 디자인 추천  12) 최종 진단 및 피드백  13) 사후 보고서 발송  14) 퍼스널 컬러 결과에 맞는 메이크업 컨셉 셋팅  15) 기초/색조 제품 특징 체크  16) 반쪽 컨설턴트 시연/셀프 반쪽 메이크업 진행 17) 베스트 메이크업 완료 후 포토부스 셀피 체크  18) 퍼스널 컬러북 제공 이 포함됩니다. 이 과정들이 2:1로 진행됩니다. ,4
메이크업+퍼스널 컬러(2:1) 과정이란?,1) 셀프 진단서 작성  2)이론 안내  3) 피부톤 진단  4) 명도/채도 진단  5) 1차 온도감 체크 -> 2차 세부톤 진단  6) 패턴 체크 7) 헤어 컬러 진단  8) 개인 파우치 진단  9) 베스트 컬러감 상의 착용 테스트 10) 베스트/워스트 타입 특징 확인  11) 액세서리 컬러 및 디자인 추천  12) 최종 진단 및 피드백  13) 사후 보고서 발송  14) 퍼스널 컬러 결과에 맞는 메이크업 컨셉 셋팅  15) 기초/색조 제품 특징 체크  16) 반쪽 컨설턴트 시연/셀프 반쪽 메이크업 진행 17) 베스트 메이크업 완료 후 포토부스 셀피 체크  18) 퍼스널 컬러북 제공 이 포함됩니다. 이 과정들이 2:1로 진행됩니다. ,4
한 사람만 신청할 수 있나요?,"네, 저희는 1:1 세션을 제공합니다.",5
한 명만 신청할 수 있나요?,"네, 저희는 1:1 세션을 제공합니다.",5
한 사람만 지원할 수 있나요?,"네, 저희는 1:1 세션을 제공합니다.",5
한 명만 지원할 수 있나요?,"네, 저희는 1:1 세션을 제공합니다.",5
혼자 신청할 수 있나요?,"물론입니다, 저희는 1:1 세션을 제공합니다.",5
혼자서 신청해도 되나요?,"물론입니다, 저희는 1:1 세션을 제공합니다.",5
혼자서도 신청할 수 있나요?,"물론입니다, 저희는 1:1 세션을 제공합니다.",5
두 명이 신청 할 수 있나요?,"네, 저희는 2:1 세션도 제공합니다.",5
두 사람이 신청할 수 있나요?,"네, 저희는 2:1 세션도 제공합니다. 같이 신청해보세요!",5
2명이 지원할 수 있나요?,"물론입니다, 저희는 2:1 세션도 제공합니다. 함께 신청해보세요!",5
두 사람이 지원할 수 있나요?,"물론입니다, 저희는 2:1 세션도 제공합니다.",5
2명이 같이 신청할 수 있나요?,"물론입니다, 저희는 2:1 세션도 제공합니다. 함께 신청해보세요!",5
2명이 함께 지원할 수 있나요?,"네, 저희는 2:1 세션도 제공합니다.",5
저희는 2인입니다.,"저희는 2:1 세션도 제공합니다, 함께 신청해보세요!",5
우리는 2명이에요.,"저희는 2:1 세션도 제공합니다, 함께 신청하는 것을 추천드립니다.",5
3명이 신청할 수 있나요?,"안타깝게도, 저희는 2명까지만 함께 신청할 수 있습니다.",5
3명이 지원할 수 있나요?,"안타깝게도, 저희는 2명까지만 같이 신청할 수 있습니다.",5
3명이 신청할 수 있나요?,"죄송하지만, 저희는 2명까지만 함께 지원할 수 있습니다.",5
3명이 지원할 수 있나요?,"죄송하지만, 저희는 2명까지만 같이 지원할 수 있습니다.",5
3명이 같이 신청할 수 있나요?,"안타깝게도, 저희는 2명까지만 함께 신청할 수 있습니다.",5
3명이 함께 지원할 수 있나요?,"죄송하지만, 저희는 2명까지만 같이 신청할 수 있습니다.",5
4명이 신청할 수 있나요?,"안타깝게도, 저희는 2명까지만 함께 신청할 수 있습니다.",5
4명이 지원할 수 있나요?,"안타깝게도, 저희는 2명까지만 같이 신청할 수 있습니다.",5
4명이 신청할 수 있나요?,"죄송하지만, 저희는 2명까지만 함께 지원할 수 있습니다.",5
4명이 지원할 수 있나요?,"죄송하지만, 저희는 2명까지만 같이 지원할 수 있습니다.",5
4명이 같이 신청할 수 있나요?,"안타깝게도, 저희는 2명까지만 함께 신청할 수 있습니다.",5
4명이 함께 지원할 수 있나요?,"죄송하지만, 저희는 2명까지만 같이 신청할 수 있습니다.",5
5명이 신청할 수 있나요?,"안타깝게도, 저희는 2명까지만 함께 신청할 수 있습니다.",5
5명이 지원할 수 있나요?,"안타깝게도, 저희는 2명까지만 같이 신청할 수 있습니다.",5
5명이 신청할 수 있나요?,"죄송하지만, 저희는 2명까지만 함께 지원할 수 있습니다.",5
5명이 지원할 수 있나요?,"죄송하지만, 저희는 2명까지만 같이 지원할 수 있습니다.",5
5명이 같이 신청할 수 있나요?,"안타깝게도, 저희는 2명까지만 함께 신청할 수 있습니다.",5
5명이 함께 지원할 수 있나요?,"죄송하지만, 저희는 2명까지만 같이 신청할 수 있습니다.",5
다른 사람과 함께 신청할 수 있나요?,네! 2명까지는 같이 신청할 수 있습니다.,5
다른 사람과 함꼐 신청해도 되나요?,네! 2명까지는 같이 신청할 수 있습니다.,5
다른 사람과 함께 지원할 수 있나요?,네! 2명까지는 함께 신청할 수 있습니다.,5
다른 사람과 함꼐 지원해도 되나요?,네! 2명까지는 함께 신청할 수 있습니다.,5
몇 명까지 함께 신청할 수 있나요?,2명까지 같이 신청할 수 있습니다.,5
함께 신청할 수 있는 인원은 몇 명인가요?,2명까지 같이 신청할 수 있습니다.,5
몇 명이 함께 신청할 수 있나요?,2명까지 함께 신청할 수 있습니다.,5
몇 명까지 함께 지원할 수 있나요?,2명까지 함께 신청할 수 있습니다.,5
혼자 신청해도 되는지 궁금해,"네, 저희는 1:1 세션을 제공합니다.",5
혼자 신청해도 되나,"네, 저희는 1:1 세션을 제공합니다.",5
혼자 가도 되나,"물론입니다, 저희는 1:1 세션을 제공합니다.",5
혼자 예약할 수 있어?,"물론입니다, 저희는 1:1 세션을 제공합니다.",5
혼자 예약해도 되나요?,"물론입니다, 저희는 1:1 세션을 제공합니다.",5
혼자서 예약할 수 있는지 알고 싶어요,가능합니다! 저희는 1:1 세션을 제공합니다.,5
1명만 예약할 수 있어?,"네, 저희는 1:1 세션을 제공합니다.",5
1명 예약할 수 있는지 궁금해,가능합니다! 저희는 1:1 세션을 제공합니다.,5
혼자는?,가능합니다! 저희는 1:1 세션을 제공합니다.,5
1명은?,가능합니다! 저희는 1:1 세션을 제공합니다.,5
혼자서는?,가능합니다! 저희는 1:1 세션을 제공합니다.,5
2명은?,가능합니다! 저희는 2:1 세션도 제공합니다.,5
2명?,가능합니다! 저희는 2:1 세션도 제공합니다.,5
두 사람은?,가능합니다! 저희는 2:1 세션도 제공합니다.,5
두 사람?,가능합니다! 저희는 2:1 세션도 제공합니다.,5
2명이 같이 예약할 수 있어?,"물론입니다, 저희는 2:1 세션도 제공합니다. 함께 신청해보세요!",5
2명이 함께 예약할 수 있는지 궁금해요,가능합니다! 저희는 2:1 세션도 제공합니다.,5
2명 예약해도 돼?,"물론입니다, 저희는 2:1 세션도 제공합니다. 함께 신청해보세요!",5
2명 돼?,"물론입니다, 저희는 2:1 세션도 제공합니다.",5
두 사람이 함께 예약할 수 있어?,"네, 저희는 2:1 세션도 제공합니다.",5
2명이서 신청할 수 있어?,"네, 저희는 2:1 세션도 제공합니다.",5
3명은?,"안타깝게도, 저희는 2명까지만 함께 신청할 수 있습니다.",5
3명?,"안타깝게도, 저희는 2명까지만 같이 신청할 수 있습니다.",5
세 사람은?,"죄송하지만, 저희는 2명까지만 함께 지원할 수 있습니다.",5
세 사람?,"죄송하지만, 저희는 2명까지만 같이 지원할 수 있습니다.",5
3명이 같이 예약할 수 있어?,"안타깝게도, 저희는 2명까지만 함께 신청할 수 있습니다.",5
3명이 함께 예약할 수 있는지 궁금해요,"죄송하지만, 저희는 2명까지만 같이 신청할 수 있습니다.",5
3명 예약해도 돼?,"안타깝게도, 저희는 2명까지만 함께 신청할 수 있습니다.",5
3명 돼?,"안타깝게도, 저희는 2명까지만 같이 신청할 수 있습니다.",5
세 사람이 함께 예약할 수 있어?,"죄송하지만, 저희는 2명까지만 함께 지원할 수 있습니다.",5
3명이서 신청할 수 있어?,"죄송하지만, 저희는 2명까지만 같이 지원할 수 있습니다.",5
4명은?,"안타깝게도, 저희는 2명까지만 함께 신청할 수 있습니다.",5
4명?,"죄송하지만, 저희는 2명까지만 같이 신청할 수 있습니다.",5
네 사람은?,"안타깝게도, 저희는 2명까지만 함께 신청할 수 있습니다.",5
네 사람?,"안타깝게도, 저희는 2명까지만 같이 신청할 수 있습니다.",5
4명이 같이 예약할 수 있어?,"죄송하지만, 저희는 2명까지만 함께 지원할 수 있습니다.",5
4명이 함께 예약할 수 있는지 궁금해요,"죄송하지만, 저희는 2명까지만 같이 지원할 수 있습니다.",5
4명 예약해도 돼?,"안타깝게도, 저희는 2명까지만 함께 신청할 수 있습니다.",5
4명 돼?,"죄송하지만, 저희는 2명까지만 같이 신청할 수 있습니다.",5
네 사람이 함께 예약할 수 있어?,"안타깝게도, 저희는 2명까지만 함께 신청할 수 있습니다.",5
4명이서 신청할 수 있어?,"안타깝게도, 저희는 2명까지만 같이 신청할 수 있습니다.",5
5명은?,"죄송하지만, 저희는 2명까지만 함께 지원할 수 있습니다.",5
5명?,"죄송하지만, 저희는 2명까지만 같이 지원할 수 있습니다.",5
5명이 같이 예약할 수 있어?,"안타깝게도, 저희는 2명까지만 함께 신청할 수 있습니다.",5
5명이 함께 예약할 수 있는지 궁금해요,"죄송하지만, 저희는 2명까지만 같이 신청할 수 있습니다.",5
5명 예약해도 돼?,"안타깝게도, 저희는 2명까지만 함께 신청할 수 있습니다.",5
5명 돼?,"죄송하지만, 저희는 2명까지만 같이 신청할 수 있습니다.",5
어떻게 갈 수 있나요?,"대중교통으로 오실 수 있습니다. 지하철은 신사역 6번 출구에서 도보 5분, 버스는 472, 3011, 240, 345, 142, 4312, 402번을 이용하면 됩니다.",6
그곳에 어떻게 가나요?,"대중교통으로 오실 수 있습니다. 지하철은 신사역 6번 출구에서 도보 5분, 버스는 472, 3011, 240, 345, 142, 4312, 402번을 이용하면 됩니다.",6
어떻게 가나요?,"지하철과 버스로 오실 수 있습니다. 지하철은 신사역 6번 출구에서 도보 5분, 버스는 472, 3011, 240, 345, 142, 4312, 402번을 이용하세요.",6
교통,"지하철과 버스로 오실 수 있습니다. 지하철은 신사역 6번 출구에서 도보 5분, 버스는 472, 3011, 240, 345, 142, 4312, 402번을 이용하세요.",6
찾아가는 방법,"지하철과 버스로 오실 수 있습니다. 지하철은 신사역 6번 출구에서 도보 5분, 버스는 472, 3011, 240, 345, 142, 4312, 402번을 이용하세요.",6
가는 방법,"지하철과 버스로 오실 수 있습니다. 지하철은 신사역 6번 출구에서 도보 5분, 버스는 472, 3011, 240, 345, 142, 4312, 402번을 이용하세요.",6
어떤 교통 수단을 이용해야 하나요?,"지하철과 버스로 오실 수 있습니다. 지하철은 신사역 6번 출구에서 도보 5분, 버스는 472, 3011, 240, 345, 142, 4312, 402번을 이용하세요.",6
어떤 교통편을 이용해야 하나요?,"지하철과 버스로 오실 수 있습니다. 지하철은 신사역 6번 출구에서 도보 5분, 버스는 472, 3011, 240, 345, 142, 4312, 402번을 이용하세요.",6
어떤 교통수단을 이용하면 되나요?,"지하철과 버스로 오실 수 있습니다. 지하철은 신사역 6번 출구에서 도보 5분, 버스는 472, 3011, 240, 345, 142, 4312, 402번을 이용하세요.",6
어떤 교통편을 이용해서 갈 수 있나요?,"지하철과 버스로 오실 수 있습니다. 지하철은 신사역 6번 출구에서 도보 5분, 버스는 472, 3011, 240, 345, 142, 4312, 402번을 이용하세요.",6
지하철로 갈 수 있나요?,"네, 신사역 6번 출구에서 도보로 5분 거리에 있습니다.",6
지하철을 타고 갈 수 있나요?,"네, 신사역 6번 출구에서 도보 5분 거리에 있습니다.",6
지하철을 이용해도 되나요?,"네, 신사역 6번 출구에서 도보로 5분 거리에 있습니다.",6
지하철로 이동할 수 있나요?,"네, 신사역 6번 출구에서 도보 5분 거리에 있습니다.",6
지하철로 가도 되나요?,"네, 신사역 6번 출구에서 도보 5분 거리에 있습니다.",6
근처에 지하철역이 있나요?,"네, 도보 5분 거리에 신사역이 있습니다.",6
인근에 지하철역이 있나요?,"네, 도보 5분 거리에 신사역이 있습니다.",6
주변에 지하철역이 있나요?,"네, 도보 5분 거리에 신사역이 있습니다.",6
인근 지하철역,도보 5분 거리에 신사역이 있습니다.,6
근처 지하철역,도보 5분 거리에 신사역이 있습니다.,6
가까운 지하철역,도보 5분 거리에 신사역이 있습니다.,6
인근 버스 정류장,"인근에 신사중학교, 신사역5번출구, 신사역6번출구, 신사역 푸른저축은행 정류장이 있습니다.",6
근처 버스 정류장,"근처에 신사중학교, 신사역5번출구, 신사역6번출구, 신사역 푸른저축은행 정류장이 있습니다.",6
가까운 버스 정류장,"근처에 신사중학교, 신사역5번출구, 신사역6번출구, 신사역 푸른저축은행 정류장이 있습니다.",6
주변 버스 정류장,"인근에 신사중학교, 신사역5번출구, 신사역6번출구, 신사역 푸른저축은행 정류장이 있습니다.",6
어떤 버스를 타고 가야 하나요?," 472, 3011, 240, 345, 142, 4312, 402번 버스를 타고 오시면 됩니다.",6
어느 버스를 타고 가야 하나요?," 472, 3011, 240, 345, 142, 4312, 402번 버스를 타고 오시면 됩니다.",6
어떤 버스를 타고 가면 되나요?," 472, 3011, 240, 345, 142, 4312, 402번 버스를 타고 오시면 됩니다.",6
어떤 버스를 타면 되나요?," 472, 3011, 240, 345, 142, 4312, 402번 버스로 오시면 됩니다.",6
어떤 버스를 타고 갈 수 있나요?," 472, 3011, 240, 345, 142, 4312, 402번 버스로 오시면 됩니다.",6
어떤 버스로 갈 수 있나요?," 472, 3011, 240, 345, 142, 4312, 402번 버스로 오시면 됩니다.",6
버스를 타고 갈 수 있나요?,"네, 472, 3011, 240, 345, 142, 4312, 402번 버스로 오시면 됩니다.",6
버스로 갈 수 있나요?,"네, 472, 3011, 240, 345, 142, 4312, 402번 버스로 오시면 됩니다.",6
주차장이 있나요?,"네, 건물 1층 주차장을 무료로 이용하실 수 있습니다.",6
주차장은 있나요?,"네, 건물 1층 주차장을 무료로 이용하실 수 있습니다.",6
주차장이 마련되어 있나요?,"네, 건물 1층 주차장을 무료로 이용하실 수 있습니다.",6
주차가 가능한가요?,"네, 건물 1층 주차장을 무료로 이용하실 수 있습니다.",6
주차할 수 있나요?,"네, 건물 1층 주차장을 무료로 이용하실 수 있습니다.",6
주차장을 이용할 수 있나요?,"네, 건물 1층 주차장을 무료로 이용하실 수 있습니다.",6
주차장이 있습니까?,"네, 건물 1층 주차장을 무료로 이용하실 수 있습니다.",6
내 차를 주차할 수 있나요?,"네, 건물 1층 주차장을 무료로 이용하실 수 있습니다.",6
차를 주차할 수 있나요?,"네, 건물 1층 주차장을 무료로 이용하실 수 있습니다.",6
그곳에 주차장이 있나요?,"네, 건물 1층 주차장을 무료로 이용하실 수 있습니다.",6
거기에 주차장이 있나요?,"네, 건물 1층 주차장을 무료로 이용하실 수 있습니다.",6
주차,건물 1층 주차장을 무료로 이용하실 수 있습니다.,6
주차 가능한 지 궁금합니다,건물 1층 주차장을 무료로 이용하실 수 있습니다.,6
버스나 지하철,"지하철과 버스로 오실 수 있습니다. 지하철은 신사역 6번 출구에서 도보 5분, 버스는 472, 3011, 240, 345, 142, 4312, 402번을 이용하세요.",6
버스나 지하철로 갈 수 있나요?,"지하철과 버스로 오실 수 있습니다. 지하철은 신사역 6번 출구에서 도보 5분, 버스는 472, 3011, 240, 345, 142, 4312, 402번을 이용하세요.",6
"버스, 지하철","지하철과 버스로 오실 수 있습니다. 지하철은 신사역 6번 출구에서 도보 5분, 버스는 472, 3011, 240, 345, 142, 4312, 402번을 이용하세요.",6
지하철이나 버스,"지하철과 버스로 오실 수 있습니다. 지하철은 신사역 6번 출구에서 도보 5분, 버스는 472, 3011, 240, 345, 142, 4312, 402번을 이용하세요.",6
지하철이나 버스로 갈 수 있나요?,"지하철과 버스로 오실 수 있습니다. 지하철은 신사역 6번 출구에서 도보 5분, 버스는 472, 3011, 240, 345, 142, 4312, 402번을 이용하세요.",6
"지하철, 버스","지하철과 버스로 오실 수 있습니다. 지하철은 신사역 6번 출구에서 도보 5분, 버스는 472, 3011, 240, 345, 142, 4312, 402번을 이용하세요.",6
버스," 472, 3011, 240, 345, 142, 4312, 402번 버스를 타고 오시면 됩니다.",6
지하철,도보 5분 거리에 신사역이 있습니다.,6
주차장이 있는지 궁금해,건물 1층 주차장을 무료로 이용하실 수 있습니다.,6
주차장을 이용할 수 있는지 궁금합니다,건물 1층 주차장을 무료로 이용하실 수 있습니다.,6
주차장이 있는지 궁금해요,건물 1층 주차장을 무료로 이용하실 수 있습니다.,6
주차장이 있는지 알려줘,건물 1층 주차장을 무료로 이용하실 수 있습니다.,6
주차장 있어?,"네, 건물 1층 주차장을 무료로 이용하실 수 있습니다.",6
주차장 이용할 수 있는지 알려주세요,건물 1층 주차장을 무료로 이용하실 수 있습니다.,6
주차 가능해?,"네, 건물 1층 주차장을 무료로 이용하실 수 있습니다.",6
대중교통,"대중교통으로 오실 수 있습니다. 지하철은 신사역 6번 출구에서 도보 5분, 버스는 472, 3011, 240, 345, 142, 4312, 402번을 이용하면 됩니다.",6
버스 타고 갈 수 있는지 궁금해," 472, 3011, 240, 345, 142, 4312, 402번 버스를 타고 오시면 됩니다.",6
어떤 버스를 타면 되는지 궁금해요," 472, 3011, 240, 345, 142, 4312, 402번 버스를 타고 오시면 됩니다.",6
몇 번 버스 타고 가면 되는지 궁금해," 472, 3011, 240, 345, 142, 4312, 402번 버스를 타고 오시면 됩니다.",6
버스로 갈 수 있어?,"네, 472, 3011, 240, 345, 142, 4312, 402번 버스로 오시면 됩니다.",6
지하철로 갈 수 있는지 알려줘,신사역 6번 출구에서 도보 5분 거리에 있습니다.,6
근처 지하철역이 뭔지 알려줘,도보 5분 거리에 신사역이 있습니다.,6
근처에 지하철이 있어?,"네, 도보 5분 거리에 신사역이 있습니다.",6
지하철로 갈 수 있어?,"네, 신사역 6번 출구에서 도보 5분 거리에 있습니다.",6
전화번호가 어떻게 되나요?,전화번호는 +82) 0507-1381-1174입니다.,7
전화번호는 어떻게 되나요?,전화번호는 +82) 0507-1381-1174입니다.,7
전화번호가 무엇인가요?,전화번호는 +82) 0507-1381-1174입니다.,7
번호가 어떻게 되나요?,+82) 0507-1381-1174입니다.,7
번호가 무엇인가요?,+82) 0507-1381-1174입니다.,7
어떻게 연락할 수 있나요?,+82) 0507-1381-1174 또는 인스타그램 'mood__collect'로 연락하시면 됩니다.,7
어떻게 연락하나요?,+82) 0507-1381-1174 또는 인스타그램 'mood__collect'로 연락하시면 됩니다.,7
연락하려면 어떻게 해야 하나요?,+82) 0507-1381-1174 또는 인스타그램 'mood__collect'로 연락하시면 됩니다.,7
어떻게 문의할 수 있나요?,+82) 0507-1381-1174 또는 인스타그램 'mood__collect'로 연락하시면 됩니다.,7
전화번호 알려줘,전화번호는 +82) 0507-1381-1174입니다.,7
번호 알려줘,전화번호는 +82) 0507-1381-1174입니다.,7
번호를 알려주세요,전화번호는 +82) 0507-1381-1174입니다.,7
누구에게 문의할 수 있나요?,+82) 0507-1381-1174 또는 인스타그램 'mood__collect'로 연락하시면 됩니다.,7
누구에게 연락할 수 있나요?,+82) 0507-1381-1174 또는 인스타그램 'mood__collect'로 연락하시면 됩니다.,7
누구에게 문의헤야 하나요?,+82) 0507-1381-1174 또는 인스타그램 'mood__collect'로 연락하시면 됩니다.,7
누구에게 연락해야 하나요?,+82) 0507-1381-1174 또는 인스타그램 'mood__collect'로 연락하시면 됩니다.,7
전화번호,전화번호는 +82) 0507-1381-1174입니다.,7
번호,전화번호는 +82) 0507-1381-1174입니다.,7
연락처,+82) 0507-1381-1174 또는 인스타그램 'mood__collect'로 연락하시면 됩니다.,7
소셜 미디어,인스타그램에서 'mood__collect'를 검색해 보세요.,7
인스타그램,인스타그램 아이디는 'mood__collect'입니다.,7
인스타그램으로 연락할 수 있나요?,인스타그램 아이디는 'mood__collect'입니다.,7
인스타그램으로 연락해도 되나요?,"네, 인스타그램 아이디는 'mood__collect'입니다.",7
인스타그램으로 문의할 수 있나요?,"네, 인스타그램 아이디는 'mood__collect'입니다.",7
인스타로 연락할 수 있나요?,"네, 인스타그램 아이디는 'mood__collect'입니다.",7
소셜 미디어로 연락할 수 있나요?,"네, 인스타그램에서 'mood__collect'를 검색해 보세요.",7
소셜 미디어로 연락해도 되나요?,"네, 인스타그램에서 'mood__collect'를 검색해 보세요.",7
소셜 미디어로 문의할 수 있나요?,"네, 인스타그램에서 'mood__collect'를 검색해 보세요.",7
소셜 미디어를 통해 연락할 수 있나요?,"네, 인스타그램에서 'mood__collect'를 검색해 보세요.",7
연락할 수 있는 인스타그램 아이디가 있나요?,인스타그램 아이디는 'mood__collect'입니다.,7
연락할 수 있는 인스타 아이디가 있나요?,"네, 인스타그램에서 'mood__collect'를 검색해 보세요.",7
연락할 수 있는 인스타그램 계정이 있나요?,"네, 인스타그램 아이디는 'mood__collect'입니다.",7
제가 연락할 수 있는 인스타그램 계정이 있나요?,"네, 인스타그램 아이디는 'mood__collect'입니다.",7
연락 가능한 인스타그램 계정이 있나요?,"네, 인스타그램 아이디는 'mood__collect'입니다.",7
문의할 수 있는 인스타그램 계정이 있나요?,"네, 인스타그램 아이디는 'mood__collect'입니다.",7
직접 문의하고 싶어,+82) 0507-1381-1174 또는 인스타그램 'mood__collect'로 연락하시면 됩니다.,7
예약 확인,예약 확인,8
예약 확인하고 싶어,예약 확인,8
예약을 확인하고 싶습니다,예약 확인,8
예약 확인해줘,예약 확인,8
예약 확인을 원합니다,예약 확인,8
예약 확인할래,예약 확인,8
예약 정보 알려줘,예약 확인,8
내 예약 정보를 알려주세요,예약 확인,8
예약 정보를 알려주세요,예약 확인,8
예약 정보,예약 확인,8
예약 정보를 확인하고 싶어요,예약 확인,8
예약한 내용을 확인할 수 있나요?,예약 확인,8
내가 예약한 내용을 확인할 수 있나요?,예약 확인,8
바로 전에 예약한 내 예약을 확인할 수 있나요?,예약 확인,8
바로 전에 예약한 내용을 확인할 수 있나요?,예약 확인,8
직전에 예약한 내용을 확인할 수 있나요?,예약 확인,8
예약 내용 확인,예약 확인,8
예약 내용을 확인하고 싶어,예약 확인,8
내 예약은 무엇인가요?,예약 확인,8
내 예약은 어떻게 되나요?,예약 확인,8
예약이 어떻게 되나요?,예약 확인,8
예약 내용 확인해줘,예약 확인,8
예약을 확인하고 싶어,예약 확인,8
